STATISTIC,Statistic Label,TLIST(W1),Year,C03910V04662,Transport Traffic Site,C01198V01436,Weeks of the year,UNIT,VALUE
THA22C01,Average weekly volume of heavy goods vehicles,2019,2019,10,Selected traffic sites - Dublin,1,Week 01,Number,23838.0
THA22C01,Average weekly volume of heavy goods vehicles,2019,2019,10,Selected traffic sites - Dublin,2,Week 02,Number,38353.0
THA22C01,Average weekly volume of heavy goods vehicles,2019,2019,10,Selected traffic sites - Dublin,3,Week 03,Number,39973.0
THA22C01,Average weekly volume of heavy goods vehicles,2019,2019,10,Selected traffic sites - Dublin,4,Week 04,Number,40314.0
THA22C01,Average weekly volume of heavy goods vehicles,2019,2019,10,Selected traffic sites - Dublin,5,Week 05,Number,40709.0
THA22C01,Average weekly volume of heavy goods vehicles,2019,2019,10,Selected traffic sites - Dublin,6,Week 06,Number,40682.0
THA22C01,Average weekly volume of heavy goods vehicles,2019,2019,10,Selected traffic sites - Dublin,7,Week 07,Number,41778.0
THA22C01,Average weekly volume of heavy goods vehicles,2019,2019,10,Selected traffic sites - Dublin,8,Week 08,Number,41783.0
THA22C01,Average weekly volume of heavy goods vehicles,2019,2019,10,Selected traffic sites - Dublin,9,Week 09,Number,42588.0
THA22C01,Average weekly volume of heavy goods vehicles,2019,2019,10,Selected traffic sites - Dublin,10,Week 10,Number,42979.0
THA22C01,Average weekly volume of heavy goods vehicles,2019,2019,10,Selected traffic sites - Dublin,11,Week 11,Number,41785.0
THA22C01,Average weekly volume of heavy goods vehicles,2019,2019,10,Selected traffic sites - Dublin,12,Week 12,Number,38313.0
THA22C01,Average weekly volume of heavy goods vehicles,2019,2019,10,Selected traffic sites - Dublin,13,Week 13,Number,43440.0
THA22C01,Average weekly volume of heavy goods vehicles,2019,2019,10,Selected traffic sites - Dublin,14,Week 14,Number,43310.0
THA22C01,Average weekly volume of heavy goods vehicles,2019,2019,10,Selected traffic sites - Dublin,15,Week 15,Number,42998.0
THA22C01,Average weekly volume of heavy goods vehicles,2019,2019,10,Selected traffic sites - Dublin,16,Week 16,Number,40096.0
THA22C01,Average weekly volume of heavy goods vehicles,2019,2019,10,Selected traffic sites - Dublin,17,Week 17,Number,35429.0
THA22C01,Average weekly volume of heavy goods vehicles,2019,2019,10,Selected traffic sites - Dublin,18,Week 18,Number,42366.0
THA22C01,Average weekly volume of heavy goods vehicles,2019,2019,10,Selected traffic sites - Dublin,19,Week 19,Number,37060.0
THA22C01,Average weekly volume of heavy goods vehicles,2019,2019,10,Selected traffic sites - Dublin,20,Week 20,Number,42644.0
THA22C01,Average weekly volume of heavy goods vehicles,2019,2019,10,Selected traffic sites - Dublin,21,Week 21,Number,42946.0
THA22C01,Average weekly volume of heavy goods vehicles,2019,2019,10,Selected traffic sites - Dublin,22,Week 22,Number,42419.0
THA22C01,Average weekly volume of heavy goods vehicles,2019,2019,10,Selected traffic sites - Dublin,23,Week 23,Number,38651.0
THA22C01,Average weekly volume of heavy goods vehicles,2019,2019,10,Selected traffic sites - Dublin,24,Week 24,Number,43891.0
THA22C01,Average weekly volume of heavy goods vehicles,2019,2019,10,Selected traffic sites - Dublin,25,Week 25,Number,44160.0
THA22C01,Average weekly volume of heavy goods vehicles,2019,2019,10,Selected traffic sites - Dublin,26,Week 26,Number,43695.0
THA22C01,Average weekly volume of heavy goods vehicles,2019,2019,10,Selected traffic sites - Dublin,27,Week 27,Number,43422.0
THA22C01,Average weekly volume of heavy goods vehicles,2019,2019,10,Selected traffic sites - Dublin,28,Week 28,Number,42534.0
THA22C01,Average weekly volume of heavy goods vehicles,2019,2019,10,Selected traffic sites - Dublin,29,Week 29,Number,42507.0
THA22C01,Average weekly volume of heavy goods vehicles,2019,2019,10,Selected traffic sites - Dublin,30,Week 30,Number,41604.0
THA22C01,Average weekly volume of heavy goods vehicles,2019,2019,10,Selected traffic sites - Dublin,31,Week 31,Number,40527.0
THA22C01,Average weekly volume of heavy goods vehicles,2019,2019,10,Selected traffic sites - Dublin,32,Week 32,Number,37706.0
THA22C01,Average weekly volume of heavy goods vehicles,2019,2019,10,Selected traffic sites - Dublin,33,Week 33,Number,42592.0
THA22C01,Average weekly volume of heavy goods vehicles,2019,2019,10,Selected traffic sites - Dublin,34,Week 34,Number,42878.0
THA22C01,Average weekly volume of heavy goods vehicles,2019,2019,10,Selected traffic sites - Dublin,35,Week 35,Number,43586.0
THA22C01,Average weekly volume of heavy goods vehicles,2019,2019,10,Selected traffic sites - Dublin,36,Week 36,Number,44461.0
THA22C01,Average weekly volume of heavy goods vehicles,2019,2019,10,Selected traffic sites - Dublin,37,Week 37,Number,44727.0
THA22C01,Average weekly volume of heavy goods vehicles,2019,2019,10,Selected traffic sites - Dublin,38,Week 38,Number,44917.0
THA22C01,Average weekly volume of heavy goods vehicles,2019,2019,10,Selected traffic sites - Dublin,39,Week 39,Number,45197.0
THA22C01,Average weekly volume of heavy goods vehicles,2019,2019,10,Selected traffic sites - Dublin,40,Week 40,Number,44118.0
THA22C01,Average weekly volume of heavy goods vehicles,2019,2019,10,Selected traffic sites - Dublin,41,Week 41,Number,44632.0
THA22C01,Average weekly volume of heavy goods vehicles,2019,2019,10,Selected traffic sites - Dublin,42,Week 42,Number,44899.0
THA22C01,Average weekly volume of heavy goods vehicles,2019,2019,10,Selected traffic sites - Dublin,43,Week 43,Number,45342.0
THA22C01,Average weekly volume of heavy goods vehicles,2019,2019,10,Selected traffic sites - Dublin,44,Week 44,Number,39478.0
THA22C01,Average weekly volume of heavy goods vehicles,2019,2019,10,Selected traffic sites - Dublin,45,Week 45,Number,43402.0
THA22C01,Average weekly volume of heavy goods vehicles,2019,2019,10,Selected traffic sites - Dublin,46,Week 46,Number,43796.0
THA22C01,Average weekly volume of heavy goods vehicles,2019,2019,10,Selected traffic sites - Dublin,47,Week 47,Number,42971.0
THA22C01,Average weekly volume of heavy goods vehicles,2019,2019,10,Selected traffic sites - Dublin,48,Week 48,Number,43419.0
THA22C01,Average weekly volume of heavy goods vehicles,2019,2019,10,Selected traffic sites - Dublin,49,Week 49,Number,44217.0
THA22C01,Average weekly volume of heavy goods vehicles,2019,2019,10,Selected traffic sites - Dublin,50,Week 50,Number,44302.0
THA22C01,Average weekly volume of heavy goods vehicles,2019,2019,10,Selected traffic sites - Dublin,51,Week 51,Number,45311.0
THA22C01,Average weekly volume of heavy goods vehicles,2019,2019,10,Selected traffic sites - Dublin,52,Week 52,Number,13757.0
THA22C01,Average weekly volume of heavy goods vehicles,2019,2019,20,Selected traffic sites - Regional,1,Week 01,Number,8869.0
THA22C01,Average weekly volume of heavy goods vehicles,2019,2019,20,Selected traffic sites - Regional,2,Week 02,Number,14282.0
THA22C01,Average weekly volume of heavy goods vehicles,2019,2019,20,Selected traffic sites - Regional,3,Week 03,Number,14646.0
THA22C01,Average weekly volume of heavy goods vehicles,2019,2019,20,Selected traffic sites - Regional,4,Week 04,Number,14251.0
THA22C01,Average weekly volume of heavy goods vehicles,2019,2019,20,Selected traffic sites - Regional,5,Week 05,Number,14171.0
THA22C01,Average weekly volume of heavy goods vehicles,2019,2019,20,Selected traffic sites - Regional,6,Week 06,Number,14617.0
THA22C01,Average weekly volume of heavy goods vehicles,2019,2019,20,Selected traffic sites - Regional,7,Week 07,Number,14756.0
THA22C01,Average weekly volume of heavy goods vehicles,2019,2019,20,Selected traffic sites - Regional,8,Week 08,Number,14727.0
THA22C01,Average weekly volume of heavy goods vehicles,2019,2019,20,Selected traffic sites - Regional,9,Week 09,Number,15125.0
THA22C01,Average weekly volume of heavy goods vehicles,2019,2019,20,Selected traffic sites - Regional,10,Week 10,Number,15260.0
THA22C01,Average weekly volume of heavy goods vehicles,2019,2019,20,Selected traffic sites - Regional,11,Week 11,Number,15170.0
THA22C01,Average weekly volume of heavy goods vehicles,2019,2019,20,Selected traffic sites - Regional,12,Week 12,Number,13812.0
THA22C01,Average weekly volume of heavy goods vehicles,2019,2019,20,Selected traffic sites - Regional,13,Week 13,Number,15902.0
THA22C01,Average weekly volume of heavy goods vehicles,2019,2019,20,Selected traffic sites - Regional,14,Week 14,Number,15818.0
THA22C01,Average weekly volume of heavy goods vehicles,2019,2019,20,Selected traffic sites - Regional,15,Week 15,Number,15827.0
THA22C01,Average weekly volume of heavy goods vehicles,2019,2019,20,Selected traffic sites - Regional,16,Week 16,Number,14946.0
THA22C01,Average weekly volume of heavy goods vehicles,2019,2019,20,Selected traffic sites - Regional,17,Week 17,Number,13381.0
THA22C01,Average weekly volume of heavy goods vehicles,2019,2019,20,Selected traffic sites - Regional,18,Week 18,Number,15685.0
THA22C01,Average weekly volume of heavy goods vehicles,2019,2019,20,Selected traffic sites - Regional,19,Week 19,Number,13975.0
THA22C01,Average weekly volume of heavy goods vehicles,2019,2019,20,Selected traffic sites - Regional,20,Week 20,Number,15741.0
THA22C01,Average weekly volume of heavy goods vehicles,2019,2019,20,Selected traffic sites - Regional,21,Week 21,Number,15605.0
THA22C01,Average weekly volume of heavy goods vehicles,2019,2019,20,Selected traffic sites - Regional,22,Week 22,Number,15711.0
THA22C01,Average weekly volume of heavy goods vehicles,2019,2019,20,Selected traffic sites - Regional,23,Week 23,Number,14022.0
THA22C01,Average weekly volume of heavy goods vehicles,2019,2019,20,Selected traffic sites - Regional,24,Week 24,Number,15891.0
THA22C01,Average weekly volume of heavy goods vehicles,2019,2019,20,Selected traffic sites - Regional,25,Week 25,Number,15783.0
THA22C01,Average weekly volume of heavy goods vehicles,2019,2019,20,Selected traffic sites - Regional,26,Week 26,Number,15605.0
THA22C01,Average weekly volume of heavy goods vehicles,2019,2019,20,Selected traffic sites - Regional,27,Week 27,Number,15716.0
THA22C01,Average weekly volume of heavy goods vehicles,2019,2019,20,Selected traffic sites - Regional,28,Week 28,Number,15630.0
THA22C01,Average weekly volume of heavy goods vehicles,2019,2019,20,Selected traffic sites - Regional,29,Week 29,Number,15651.0
THA22C01,Average weekly volume of heavy goods vehicles,2019,2019,20,Selected traffic sites - Regional,30,Week 30,Number,15382.0
THA22C01,Average weekly volume of heavy goods vehicles,2019,2019,20,Selected traffic sites - Regional,31,Week 31,Number,14837.0
THA22C01,Average weekly volume of heavy goods vehicles,2019,2019,20,Selected traffic sites - Regional,32,Week 32,Number,13487.0
THA22C01,Average weekly volume of heavy goods vehicles,2019,2019,20,Selected traffic sites - Regional,33,Week 33,Number,15196.0
THA22C01,Average weekly volume of heavy goods vehicles,2019,2019,20,Selected traffic sites - Regional,34,Week 34,Number,15265.0
THA22C01,Average weekly volume of heavy goods vehicles,2019,2019,20,Selected traffic sites - Regional,35,Week 35,Number,15234.0
THA22C01,Average weekly volume of heavy goods vehicles,2019,2019,20,Selected traffic sites - Regional,36,Week 36,Number,15343.0
THA22C01,Average weekly volume of heavy goods vehicles,2019,2019,20,Selected traffic sites - Regional,37,Week 37,Number,15311.0
THA22C01,Average weekly volume of heavy goods vehicles,2019,2019,20,Selected traffic sites - Regional,38,Week 38,Number,15143.0
THA22C01,Average weekly volume of heavy goods vehicles,2019,2019,20,Selected traffic sites - Regional,39,Week 39,Number,15228.0
THA22C01,Average weekly volume of heavy goods vehicles,2019,2019,20,Selected traffic sites - Regional,40,Week 40,Number,15251.0
THA22C01,Average weekly volume of heavy goods vehicles,2019,2019,20,Selected traffic sites - Regional,41,Week 41,Number,15433.0
THA22C01,Average weekly volume of heavy goods vehicles,2019,2019,20,Selected traffic sites - Regional,42,Week 42,Number,15481.0
THA22C01,Average weekly volume of heavy goods vehicles,2019,2019,20,Selected traffic sites - Regional,43,Week 43,Number,15743.0
THA22C01,Average weekly volume of heavy goods vehicles,2019,2019,20,Selected traffic sites - Regional,44,Week 44,Number,13488.0
THA22C01,Average weekly volume of heavy goods vehicles,2019,2019,20,Selected traffic sites - Regional,45,Week 45,Number,15373.0
THA22C01,Average weekly volume of heavy goods vehicles,2019,2019,20,Selected traffic sites - Regional,46,Week 46,Number,15730.0
THA22C01,Average weekly volume of heavy goods vehicles,2019,2019,20,Selected traffic sites - Regional,47,Week 47,Number,15306.0
THA22C01,Average weekly volume of heavy goods vehicles,2019,2019,20,Selected traffic sites - Regional,48,Week 48,Number,15520.0
THA22C01,Average weekly volume of heavy goods vehicles,2019,2019,20,Selected traffic sites - Regional,49,Week 49,Number,16320.0
THA22C01,Average weekly volume of heavy goods vehicles,2019,2019,20,Selected traffic sites - Regional,50,Week 50,Number,16000.0
THA22C01,Average weekly volume of heavy goods vehicles,2019,2019,20,Selected traffic sites - Regional,51,Week 51,Number,16195.0
THA22C01,Average weekly volume of heavy goods vehicles,2019,2019,20,Selected traffic sites - Regional,52,Week 52,Number,4882.0
THA22C01,Average weekly volume of heavy goods vehicles,2020,2020,10,Selected traffic sites - Dublin,1,Week 01,Number,21007.0
THA22C01,Average weekly volume of heavy goods vehicles,2020,2020,10,Selected traffic sites - Dublin,2,Week 02,Number,42054.0
THA22C01,Average weekly volume of heavy goods vehicles,2020,2020,10,Selected traffic sites - Dublin,3,Week 03,Number,43727.0
THA22C01,Average weekly volume of heavy goods vehicles,2020,2020,10,Selected traffic sites - Dublin,4,Week 04,Number,44415.0
THA22C01,Average weekly volume of heavy goods vehicles,2020,2020,10,Selected traffic sites - Dublin,5,Week 05,Number,44479.0
THA22C01,Average weekly volume of heavy goods vehicles,2020,2020,10,Selected traffic sites - Dublin,6,Week 06,Number,44839.0
THA22C01,Average weekly volume of heavy goods vehicles,2020,2020,10,Selected traffic sites - Dublin,7,Week 07,Number,43672.0
THA22C01,Average weekly volume of heavy goods vehicles,2020,2020,10,Selected traffic sites - Dublin,8,Week 08,Number,44516.0
THA22C01,Average weekly volume of heavy goods vehicles,2020,2020,10,Selected traffic sites - Dublin,9,Week 09,Number,44497.0
THA22C01,Average weekly volume of heavy goods vehicles,2020,2020,10,Selected traffic sites - Dublin,10,Week 10,Number,46362.0
THA22C01,Average weekly volume of heavy goods vehicles,2020,2020,10,Selected traffic sites - Dublin,11,Week 11,Number,47411.0
THA22C01,Average weekly volume of heavy goods vehicles,2020,2020,10,Selected traffic sites - Dublin,12,Week 12,Number,40137.0
THA22C01,Average weekly volume of heavy goods vehicles,2020,2020,10,Selected traffic sites - Dublin,13,Week 13,Number,44447.0
THA22C01,Average weekly volume of heavy goods vehicles,2020,2020,10,Selected traffic sites - Dublin,14,Week 14,Number,28099.0
THA22C01,Average weekly volume of heavy goods vehicles,2020,2020,10,Selected traffic sites - Dublin,15,Week 15,Number,25812.0
THA22C01,Average weekly volume of heavy goods vehicles,2020,2020,10,Selected traffic sites - Dublin,16,Week 16,Number,23460.0
THA22C01,Average weekly volume of heavy goods vehicles,2020,2020,10,Selected traffic sites - Dublin,17,Week 17,Number,27389.0
THA22C01,Average weekly volume of heavy goods vehicles,2020,2020,10,Selected traffic sites - Dublin,18,Week 18,Number,28668.0
THA22C01,Average weekly volume of heavy goods vehicles,2020,2020,10,Selected traffic sites - Dublin,19,Week 19,Number,26065.0
THA22C01,Average weekly volume of heavy goods vehicles,2020,2020,10,Selected traffic sites - Dublin,20,Week 20,Number,30139.0
THA22C01,Average weekly volume of heavy goods vehicles,2020,2020,10,Selected traffic sites - Dublin,21,Week 21,Number,38828.0
THA22C01,Average weekly volume of heavy goods vehicles,2020,2020,10,Selected traffic sites - Dublin,22,Week 22,Number,41753.0
THA22C01,Average weekly volume of heavy goods vehicles,2020,2020,10,Selected traffic sites - Dublin,23,Week 23,Number,38104.0
THA22C01,Average weekly volume of heavy goods vehicles,2020,2020,10,Selected traffic sites - Dublin,24,Week 24,Number,43727.0
THA22C01,Average weekly volume of heavy goods vehicles,2020,2020,10,Selected traffic sites - Dublin,25,Week 25,Number,43846.0
THA22C01,Average weekly volume of heavy goods vehicles,2020,2020,10,Selected traffic sites - Dublin,26,Week 26,Number,44004.0
THA22C01,Average weekly volume of heavy goods vehicles,2020,2020,10,Selected traffic sites - Dublin,27,Week 27,Number,45038.0
THA22C01,Average weekly volume of heavy goods vehicles,2020,2020,10,Selected traffic sites - Dublin,28,Week 28,Number,44822.0
THA22C01,Average weekly volume of heavy goods vehicles,2020,2020,10,Selected traffic sites - Dublin,29,Week 29,Number,44049.0
THA22C01,Average weekly volume of heavy goods vehicles,2020,2020,10,Selected traffic sites - Dublin,30,Week 30,Number,44327.0
THA22C01,Average weekly volume of heavy goods vehicles,2020,2020,10,Selected traffic sites - Dublin,31,Week 31,Number,43459.0
THA22C01,Average weekly volume of heavy goods vehicles,2020,2020,10,Selected traffic sites - Dublin,32,Week 32,Number,38129.0
THA22C01,Average weekly volume of heavy goods vehicles,2020,2020,10,Selected traffic sites - Dublin,33,Week 33,Number,43811.0
THA22C01,Average weekly volume of heavy goods vehicles,2020,2020,10,Selected traffic sites - Dublin,34,Week 34,Number,43282.0
THA22C01,Average weekly volume of heavy goods vehicles,2020,2020,10,Selected traffic sites - Dublin,35,Week 35,Number,43934.0
THA22C01,Average weekly volume of heavy goods vehicles,2020,2020,10,Selected traffic sites - Dublin,36,Week 36,Number,44803.0
THA22C01,Average weekly volume of heavy goods vehicles,2020,2020,10,Selected traffic sites - Dublin,37,Week 37,Number,45076.0
THA22C01,Average weekly volume of heavy goods vehicles,2020,2020,10,Selected traffic sites - Dublin,38,Week 38,Number,46214.0
THA22C01,Average weekly volume of heavy goods vehicles,2020,2020,10,Selected traffic sites - Dublin,39,Week 39,Number,46030.0
THA22C01,Average weekly volume of heavy goods vehicles,2020,2020,10,Selected traffic sites - Dublin,40,Week 40,Number,46474.0
THA22C01,Average weekly volume of heavy goods vehicles,2020,2020,10,Selected traffic sites - Dublin,41,Week 41,Number,45906.0
THA22C01,Average weekly volume of heavy goods vehicles,2020,2020,10,Selected traffic sites - Dublin,42,Week 42,Number,46591.0
THA22C01,Average weekly volume of heavy goods vehicles,2020,2020,10,Selected traffic sites - Dublin,43,Week 43,Number,46845.0
THA22C01,Average weekly volume of heavy goods vehicles,2020,2020,10,Selected traffic sites - Dublin,44,Week 44,Number,41479.0
THA22C01,Average weekly volume of heavy goods vehicles,2020,2020,10,Selected traffic sites - Dublin,45,Week 45,Number,46947.0
THA22C01,Average weekly volume of heavy goods vehicles,2020,2020,10,Selected traffic sites - Dublin,46,Week 46,Number,46837.0
THA22C01,Average weekly volume of heavy goods vehicles,2020,2020,10,Selected traffic sites - Dublin,47,Week 47,Number,47281.0
THA22C01,Average weekly volume of heavy goods vehicles,2020,2020,10,Selected traffic sites - Dublin,48,Week 48,Number,48101.0
THA22C01,Average weekly volume of heavy goods vehicles,2020,2020,10,Selected traffic sites - Dublin,49,Week 49,Number,48718.0
THA22C01,Average weekly volume of heavy goods vehicles,2020,2020,10,Selected traffic sites - Dublin,50,Week 50,Number,49328.0
THA22C01,Average weekly volume of heavy goods vehicles,2020,2020,10,Selected traffic sites - Dublin,51,Week 51,Number,50049.0
THA22C01,Average weekly volume of heavy goods vehicles,2020,2020,10,Selected traffic sites - Dublin,52,Week 52,Number,25598.0
THA22C01,Average weekly volume of heavy goods vehicles,2020,2020,10,Selected traffic sites - Dublin,53,Week 53,Number,15878.0
THA22C01,Average weekly volume of heavy goods vehicles,2020,2020,20,Selected traffic sites - Regional,1,Week 01,Number,7676.0
THA22C01,Average weekly volume of heavy goods vehicles,2020,2020,20,Selected traffic sites - Regional,2,Week 02,Number,14148.0
THA22C01,Average weekly volume of heavy goods vehicles,2020,2020,20,Selected traffic sites - Regional,3,Week 03,Number,14236.0
THA22C01,Average weekly volume of heavy goods vehicles,2020,2020,20,Selected traffic sites - Regional,4,Week 04,Number,14918.0
THA22C01,Average weekly volume of heavy goods vehicles,2020,2020,20,Selected traffic sites - Regional,5,Week 05,Number,15038.0
THA22C01,Average weekly volume of heavy goods vehicles,2020,2020,20,Selected traffic sites - Regional,6,Week 06,Number,15084.0
THA22C01,Average weekly volume of heavy goods vehicles,2020,2020,20,Selected traffic sites - Regional,7,Week 07,Number,14686.0
THA22C01,Average weekly volume of heavy goods vehicles,2020,2020,20,Selected traffic sites - Regional,8,Week 08,Number,15090.0
THA22C01,Average weekly volume of heavy goods vehicles,2020,2020,20,Selected traffic sites - Regional,9,Week 09,Number,15032.0
THA22C01,Average weekly volume of heavy goods vehicles,2020,2020,20,Selected traffic sites - Regional,10,Week 10,Number,15651.0
THA22C01,Average weekly volume of heavy goods vehicles,2020,2020,20,Selected traffic sites - Regional,11,Week 11,Number,15966.0
THA22C01,Average weekly volume of heavy goods vehicles,2020,2020,20,Selected traffic sites - Regional,12,Week 12,Number,13854.0
THA22C01,Average weekly volume of heavy goods vehicles,2020,2020,20,Selected traffic sites - Regional,13,Week 13,Number,15147.0
THA22C01,Average weekly volume of heavy goods vehicles,2020,2020,20,Selected traffic sites - Regional,14,Week 14,Number,11202.0
THA22C01,Average weekly volume of heavy goods vehicles,2020,2020,20,Selected traffic sites - Regional,15,Week 15,Number,10674.0
THA22C01,Average weekly volume of heavy goods vehicles,2020,2020,20,Selected traffic sites - Regional,16,Week 16,Number,9523.0
THA22C01,Average weekly volume of heavy goods vehicles,2020,2020,20,Selected traffic sites - Regional,17,Week 17,Number,11187.0
THA22C01,Average weekly volume of heavy goods vehicles,2020,2020,20,Selected traffic sites - Regional,18,Week 18,Number,11414.0
THA22C01,Average weekly volume of heavy goods vehicles,2020,2020,20,Selected traffic sites - Regional,19,Week 19,Number,10430.0
THA22C01,Average weekly volume of heavy goods vehicles,2020,2020,20,Selected traffic sites - Regional,20,Week 20,Number,12092.0
THA22C01,Average weekly volume of heavy goods vehicles,2020,2020,20,Selected traffic sites - Regional,21,Week 21,Number,13617.0
THA22C01,Average weekly volume of heavy goods vehicles,2020,2020,20,Selected traffic sites - Regional,22,Week 22,Number,14151.0
THA22C01,Average weekly volume of heavy goods vehicles,2020,2020,20,Selected traffic sites - Regional,23,Week 23,Number,13070.0
THA22C01,Average weekly volume of heavy goods vehicles,2020,2020,20,Selected traffic sites - Regional,24,Week 24,Number,15152.0
THA22C01,Average weekly volume of heavy goods vehicles,2020,2020,20,Selected traffic sites - Regional,25,Week 25,Number,15319.0
THA22C01,Average weekly volume of heavy goods vehicles,2020,2020,20,Selected traffic sites - Regional,26,Week 26,Number,15378.0
THA22C01,Average weekly volume of heavy goods vehicles,2020,2020,20,Selected traffic sites - Regional,27,Week 27,Number,15500.0
THA22C01,Average weekly volume of heavy goods vehicles,2020,2020,20,Selected traffic sites - Regional,28,Week 28,Number,15785.0
THA22C01,Average weekly volume of heavy goods vehicles,2020,2020,20,Selected traffic sites - Regional,29,Week 29,Number,15904.0
THA22C01,Average weekly volume of heavy goods vehicles,2020,2020,20,Selected traffic sites - Regional,30,Week 30,Number,15899.0
THA22C01,Average weekly volume of heavy goods vehicles,2020,2020,20,Selected traffic sites - Regional,31,Week 31,Number,15345.0
THA22C01,Average weekly volume of heavy goods vehicles,2020,2020,20,Selected traffic sites - Regional,32,Week 32,Number,13485.0
THA22C01,Average weekly volume of heavy goods vehicles,2020,2020,20,Selected traffic sites - Regional,33,Week 33,Number,15506.0
THA22C01,Average weekly volume of heavy goods vehicles,2020,2020,20,Selected traffic sites - Regional,34,Week 34,Number,15132.0
THA22C01,Average weekly volume of heavy goods vehicles,2020,2020,20,Selected traffic sites - Regional,35,Week 35,Number,15445.0
THA22C01,Average weekly volume of heavy goods vehicles,2020,2020,20,Selected traffic sites - Regional,36,Week 36,Number,15377.0
THA22C01,Average weekly volume of heavy goods vehicles,2020,2020,20,Selected traffic sites - Regional,37,Week 37,Number,15996.0
THA22C01,Average weekly volume of heavy goods vehicles,2020,2020,20,Selected traffic sites - Regional,38,Week 38,Number,15885.0
THA22C01,Average weekly volume of heavy goods vehicles,2020,2020,20,Selected traffic sites - Regional,39,Week 39,Number,15779.0
THA22C01,Average weekly volume of heavy goods vehicles,2020,2020,20,Selected traffic sites - Regional,40,Week 40,Number,15873.0
THA22C01,Average weekly volume of heavy goods vehicles,2020,2020,20,Selected traffic sites - Regional,41,Week 41,Number,16039.0
THA22C01,Average weekly volume of heavy goods vehicles,2020,2020,20,Selected traffic sites - Regional,42,Week 42,Number,16133.0
THA22C01,Average weekly volume of heavy goods vehicles,2020,2020,20,Selected traffic sites - Regional,43,Week 43,Number,16066.0
THA22C01,Average weekly volume of heavy goods vehicles,2020,2020,20,Selected traffic sites - Regional,44,Week 44,Number,13977.0
THA22C01,Average weekly volume of heavy goods vehicles,2020,2020,20,Selected traffic sites - Regional,45,Week 45,Number,16082.0
THA22C01,Average weekly volume of heavy goods vehicles,2020,2020,20,Selected traffic sites - Regional,46,Week 46,Number,16220.0
THA22C01,Average weekly volume of heavy goods vehicles,2020,2020,20,Selected traffic sites - Regional,47,Week 47,Number,16285.0
THA22C01,Average weekly volume of heavy goods vehicles,2020,2020,20,Selected traffic sites - Regional,48,Week 48,Number,15903.0
THA22C01,Average weekly volume of heavy goods vehicles,2020,2020,20,Selected traffic sites - Regional,49,Week 49,Number,16974.0
THA22C01,Average weekly volume of heavy goods vehicles,2020,2020,20,Selected traffic sites - Regional,50,Week 50,Number,17389.0
THA22C01,Average weekly volume of heavy goods vehicles,2020,2020,20,Selected traffic sites - Regional,51,Week 51,Number,17515.0
THA22C01,Average weekly volume of heavy goods vehicles,2020,2020,20,Selected traffic sites - Regional,52,Week 52,Number,9307.0
THA22C01,Average weekly volume of heavy goods vehicles,2020,2020,20,Selected traffic sites - Regional,53,Week 53,Number,5759.0
THA22C01,Average weekly volume of heavy goods vehicles,2021,2021,10,Selected traffic sites - Dublin,1,Week 01,Number,37827.0
THA22C01,Average weekly volume of heavy goods vehicles,2021,2021,10,Selected traffic sites - Dublin,2,Week 02,Number,35905.0
THA22C01,Average weekly volume of heavy goods vehicles,2021,2021,10,Selected traffic sites - Dublin,3,Week 03,Number,36698.0
THA22C01,Average weekly volume of heavy goods vehicles,2021,2021,10,Selected traffic sites - Dublin,4,Week 04,Number,37463.0
THA22C01,Average weekly volume of heavy goods vehicles,2021,2021,10,Selected traffic sites - Dublin,5,Week 05,Number,38621.0
THA22C01,Average weekly volume of heavy goods vehicles,2021,2021,10,Selected traffic sites - Dublin,6,Week 06,Number,38444.0
THA22C01,Average weekly volume of heavy goods vehicles,2021,2021,10,Selected traffic sites - Dublin,7,Week 07,Number,39031.0
THA22C01,Average weekly volume of heavy goods vehicles,2021,2021,10,Selected traffic sites - Dublin,8,Week 08,Number,39375.0
THA22C01,Average weekly volume of heavy goods vehicles,2021,2021,10,Selected traffic sites - Dublin,9,Week 09,Number,41836.0
THA22C01,Average weekly volume of heavy goods vehicles,2021,2021,10,Selected traffic sites - Dublin,10,Week 10,Number,41981.0
THA22C01,Average weekly volume of heavy goods vehicles,2021,2021,10,Selected traffic sites - Dublin,11,Week 11,Number,37885.0
THA22C01,Average weekly volume of heavy goods vehicles,2021,2021,10,Selected traffic sites - Dublin,12,Week 12,Number,43558.0
THA22C01,Average weekly volume of heavy goods vehicles,2021,2021,10,Selected traffic sites - Dublin,13,Week 13,Number,41840.0
THA22C01,Average weekly volume of heavy goods vehicles,2021,2021,10,Selected traffic sites - Dublin,14,Week 14,Number,37786.0
THA22C01,Average weekly volume of heavy goods vehicles,2021,2021,10,Selected traffic sites - Dublin,15,Week 15,Number,45445.0
THA22C01,Average weekly volume of heavy goods vehicles,2021,2021,10,Selected traffic sites - Dublin,16,Week 16,Number,46328.0
THA22C01,Average weekly volume of heavy goods vehicles,2021,2021,10,Selected traffic sites - Dublin,17,Week 17,Number,46462.0
THA22C01,Average weekly volume of heavy goods vehicles,2021,2021,10,Selected traffic sites - Dublin,18,Week 18,Number,40408.0
THA22C01,Average weekly volume of heavy goods vehicles,2021,2021,10,Selected traffic sites - Dublin,19,Week 19,Number,46449.0
THA22C01,Average weekly volume of heavy goods vehicles,2021,2021,10,Selected traffic sites - Dublin,20,Week 20,Number,46268.0
THA22C01,Average weekly volume of heavy goods vehicles,2021,2021,10,Selected traffic sites - Dublin,21,Week 21,Number,46158.0
THA22C01,Average weekly volume of heavy goods vehicles,2021,2021,10,Selected traffic sites - Dublin,22,Week 22,Number,46647.0
THA22C01,Average weekly volume of heavy goods vehicles,2021,2021,10,Selected traffic sites - Dublin,23,Week 23,Number,41210.0
THA22C01,Average weekly volume of heavy goods vehicles,2021,2021,10,Selected traffic sites - Dublin,24,Week 24,Number,46322.0
THA22C01,Average weekly volume of heavy goods vehicles,2021,2021,10,Selected traffic sites - Dublin,25,Week 25,Number,45761.0
THA22C01,Average weekly volume of heavy goods vehicles,2021,2021,10,Selected traffic sites - Dublin,26,Week 26,Number,45649.0
THA22C01,Average weekly volume of heavy goods vehicles,2021,2021,10,Selected traffic sites - Dublin,27,Week 27,Number,46107.0
THA22C01,Average weekly volume of heavy goods vehicles,2021,2021,10,Selected traffic sites - Dublin,28,Week 28,Number,45397.0
THA22C01,Average weekly volume of heavy goods vehicles,2021,2021,10,Selected traffic sites - Dublin,29,Week 29,Number,44981.0
THA22C01,Average weekly volume of heavy goods vehicles,2021,2021,10,Selected traffic sites - Dublin,30,Week 30,Number,43547.0
THA22C01,Average weekly volume of heavy goods vehicles,2021,2021,10,Selected traffic sites - Dublin,31,Week 31,Number,38145.0
THA22C01,Average weekly volume of heavy goods vehicles,2021,2021,10,Selected traffic sites - Dublin,32,Week 32,Number,44557.0
THA22C01,Average weekly volume of heavy goods vehicles,2021,2021,10,Selected traffic sites - Dublin,33,Week 33,Number,44647.0
THA22C01,Average weekly volume of heavy goods vehicles,2021,2021,10,Selected traffic sites - Dublin,34,Week 34,Number,44654.0
THA22C01,Average weekly volume of heavy goods vehicles,2021,2021,10,Selected traffic sites - Dublin,35,Week 35,Number,45329.0
THA22C01,Average weekly volume of heavy goods vehicles,2021,2021,10,Selected traffic sites - Dublin,36,Week 36,Number,45227.0
THA22C01,Average weekly volume of heavy goods vehicles,2021,2021,10,Selected traffic sites - Dublin,37,Week 37,Number,45640.0
THA22C01,Average weekly volume of heavy goods vehicles,2021,2021,10,Selected traffic sites - Dublin,38,Week 38,Number,45938.0
THA22C01,Average weekly volume of heavy goods vehicles,2021,2021,10,Selected traffic sites - Dublin,39,Week 39,Number,46128.0
THA22C01,Average weekly volume of heavy goods vehicles,2021,2021,10,Selected traffic sites - Dublin,40,Week 40,Number,46700.0
THA22C01,Average weekly volume of heavy goods vehicles,2021,2021,10,Selected traffic sites - Dublin,41,Week 41,Number,47617.0
THA22C01,Average weekly volume of heavy goods vehicles,2021,2021,10,Selected traffic sites - Dublin,42,Week 42,Number,46750.0
THA22C01,Average weekly volume of heavy goods vehicles,2021,2021,10,Selected traffic sites - Dublin,43,Week 43,Number,41012.0
THA22C01,Average weekly volume of heavy goods vehicles,2021,2021,10,Selected traffic sites - Dublin,44,Week 44,Number,46894.0
THA22C01,Average weekly volume of heavy goods vehicles,2021,2021,10,Selected traffic sites - Dublin,45,Week 45,Number,46861.0
THA22C01,Average weekly volume of heavy goods vehicles,2021,2021,10,Selected traffic sites - Dublin,46,Week 46,Number,47700.0
THA22C01,Average weekly volume of heavy goods vehicles,2021,2021,10,Selected traffic sites - Dublin,47,Week 47,Number,46614.0
THA22C01,Average weekly volume of heavy goods vehicles,2021,2021,10,Selected traffic sites - Dublin,48,Week 48,Number,48297.0
THA22C01,Average weekly volume of heavy goods vehicles,2021,2021,10,Selected traffic sites - Dublin,49,Week 49,Number,45260.0
THA22C01,Average weekly volume of heavy goods vehicles,2021,2021,10,Selected traffic sites - Dublin,50,Week 50,Number,47818.0
THA22C01,Average weekly volume of heavy goods vehicles,2021,2021,10,Selected traffic sites - Dublin,51,Week 51,Number,33504.0
THA22C01,Average weekly volume of heavy goods vehicles,2021,2021,10,Selected traffic sites - Dublin,52,Week 52,Number,15777.0
THA22C01,Average weekly volume of heavy goods vehicles,2021,2021,20,Selected traffic sites - Regional,1,Week 01,Number,13374.0
THA22C01,Average weekly volume of heavy goods vehicles,2021,2021,20,Selected traffic sites - Regional,2,Week 02,Number,13761.0
THA22C01,Average weekly volume of heavy goods vehicles,2021,2021,20,Selected traffic sites - Regional,3,Week 03,Number,13799.0
THA22C01,Average weekly volume of heavy goods vehicles,2021,2021,20,Selected traffic sites - Regional,4,Week 04,Number,14094.0
THA22C01,Average weekly volume of heavy goods vehicles,2021,2021,20,Selected traffic sites - Regional,5,Week 05,Number,14553.0
THA22C01,Average weekly volume of heavy goods vehicles,2021,2021,20,Selected traffic sites - Regional,6,Week 06,Number,14612.0
THA22C01,Average weekly volume of heavy goods vehicles,2021,2021,20,Selected traffic sites - Regional,7,Week 07,Number,14476.0
THA22C01,Average weekly volume of heavy goods vehicles,2021,2021,20,Selected traffic sites - Regional,8,Week 08,Number,14672.0
THA22C01,Average weekly volume of heavy goods vehicles,2021,2021,20,Selected traffic sites - Regional,9,Week 09,Number,15436.0
THA22C01,Average weekly volume of heavy goods vehicles,2021,2021,20,Selected traffic sites - Regional,10,Week 10,Number,15222.0
THA22C01,Average weekly volume of heavy goods vehicles,2021,2021,20,Selected traffic sites - Regional,11,Week 11,Number,13867.0
THA22C01,Average weekly volume of heavy goods vehicles,2021,2021,20,Selected traffic sites - Regional,12,Week 12,Number,15774.0
THA22C01,Average weekly volume of heavy goods vehicles,2021,2021,20,Selected traffic sites - Regional,13,Week 13,Number,15453.0
THA22C01,Average weekly volume of heavy goods vehicles,2021,2021,20,Selected traffic sites - Regional,14,Week 14,Number,13836.0
THA22C01,Average weekly volume of heavy goods vehicles,2021,2021,20,Selected traffic sites - Regional,15,Week 15,Number,16280.0
THA22C01,Average weekly volume of heavy goods vehicles,2021,2021,20,Selected traffic sites - Regional,16,Week 16,Number,16345.0
THA22C01,Average weekly volume of heavy goods vehicles,2021,2021,20,Selected traffic sites - Regional,17,Week 17,Number,16579.0
THA22C01,Average weekly volume of heavy goods vehicles,2021,2021,20,Selected traffic sites - Regional,18,Week 18,Number,14643.0
THA22C01,Average weekly volume of heavy goods vehicles,2021,2021,20,Selected traffic sites - Regional,19,Week 19,Number,16748.0
THA22C01,Average weekly volume of heavy goods vehicles,2021,2021,20,Selected traffic sites - Regional,20,Week 20,Number,16371.0
THA22C01,Average weekly volume of heavy goods vehicles,2021,2021,20,Selected traffic sites - Regional,21,Week 21,Number,16443.0
THA22C01,Average weekly volume of heavy goods vehicles,2021,2021,20,Selected traffic sites - Regional,22,Week 22,Number,16796.0
THA22C01,Average weekly volume of heavy goods vehicles,2021,2021,20,Selected traffic sites - Regional,23,Week 23,Number,14626.0
THA22C01,Average weekly volume of heavy goods vehicles,2021,2021,20,Selected traffic sites - Regional,24,Week 24,Number,16269.0
THA22C01,Average weekly volume of heavy goods vehicles,2021,2021,20,Selected traffic sites - Regional,25,Week 25,Number,16297.0
THA22C01,Average weekly volume of heavy goods vehicles,2021,2021,20,Selected traffic sites - Regional,26,Week 26,Number,16114.0
THA22C01,Average weekly volume of heavy goods vehicles,2021,2021,20,Selected traffic sites - Regional,27,Week 27,Number,16092.0
THA22C01,Average weekly volume of heavy goods vehicles,2021,2021,20,Selected traffic sites - Regional,28,Week 28,Number,15997.0
THA22C01,Average weekly volume of heavy goods vehicles,2021,2021,20,Selected traffic sites - Regional,29,Week 29,Number,15813.0
THA22C01,Average weekly volume of heavy goods vehicles,2021,2021,20,Selected traffic sites - Regional,30,Week 30,Number,15406.0
THA22C01,Average weekly volume of heavy goods vehicles,2021,2021,20,Selected traffic sites - Regional,31,Week 31,Number,13551.0
THA22C01,Average weekly volume of heavy goods vehicles,2021,2021,20,Selected traffic sites - Regional,32,Week 32,Number,15669.0
THA22C01,Average weekly volume of heavy goods vehicles,2021,2021,20,Selected traffic sites - Regional,33,Week 33,Number,15908.0
THA22C01,Average weekly volume of heavy goods vehicles,2021,2021,20,Selected traffic sites - Regional,34,Week 34,Number,15824.0
THA22C01,Average weekly volume of heavy goods vehicles,2021,2021,20,Selected traffic sites - Regional,35,Week 35,Number,16005.0
THA22C01,Average weekly volume of heavy goods vehicles,2021,2021,20,Selected traffic sites - Regional,36,Week 36,Number,15950.0
THA22C01,Average weekly volume of heavy goods vehicles,2021,2021,20,Selected traffic sites - Regional,37,Week 37,Number,15945.0
THA22C01,Average weekly volume of heavy goods vehicles,2021,2021,20,Selected traffic sites - Regional,38,Week 38,Number,15944.0
THA22C01,Average weekly volume of heavy goods vehicles,2021,2021,20,Selected traffic sites - Regional,39,Week 39,Number,16043.0
THA22C01,Average weekly volume of heavy goods vehicles,2021,2021,20,Selected traffic sites - Regional,40,Week 40,Number,16134.0
THA22C01,Average weekly volume of heavy goods vehicles,2021,2021,20,Selected traffic sites - Regional,41,Week 41,Number,16176.0
THA22C01,Average weekly volume of heavy goods vehicles,2021,2021,20,Selected traffic sites - Regional,42,Week 42,Number,16171.0
THA22C01,Average weekly volume of heavy goods vehicles,2021,2021,20,Selected traffic sites - Regional,43,Week 43,Number,14185.0
THA22C01,Average weekly volume of heavy goods vehicles,2021,2021,20,Selected traffic sites - Regional,44,Week 44,Number,16149.0
THA22C01,Average weekly volume of heavy goods vehicles,2021,2021,20,Selected traffic sites - Regional,45,Week 45,Number,16389.0
THA22C01,Average weekly volume of heavy goods vehicles,2021,2021,20,Selected traffic sites - Regional,46,Week 46,Number,16464.0
THA22C01,Average weekly volume of heavy goods vehicles,2021,2021,20,Selected traffic sites - Regional,47,Week 47,Number,16533.0
THA22C01,Average weekly volume of heavy goods vehicles,2021,2021,20,Selected traffic sites - Regional,48,Week 48,Number,16786.0
THA22C01,Average weekly volume of heavy goods vehicles,2021,2021,20,Selected traffic sites - Regional,49,Week 49,Number,15625.0
THA22C01,Average weekly volume of heavy goods vehicles,2021,2021,20,Selected traffic sites - Regional,50,Week 50,Number,17098.0
THA22C01,Average weekly volume of heavy goods vehicles,2021,2021,20,Selected traffic sites - Regional,51,Week 51,Number,11688.0
THA22C01,Average weekly volume of heavy goods vehicles,2021,2021,20,Selected traffic sites - Regional,52,Week 52,Number,5535.0
THA22C01,Average weekly volume of heavy goods vehicles,2022,2022,10,Selected traffic sites - Dublin,1,Week 01,Number,34009.0
THA22C01,Average weekly volume of heavy goods vehicles,2022,2022,10,Selected traffic sites - Dublin,2,Week 02,Number,44586.0
THA22C01,Average weekly volume of heavy goods vehicles,2022,2022,10,Selected traffic sites - Dublin,3,Week 03,Number,45715.0
THA22C01,Average weekly volume of heavy goods vehicles,2022,2022,10,Selected traffic sites - Dublin,4,Week 04,Number,46219.0
THA22C01,Average weekly volume of heavy goods vehicles,2022,2022,10,Selected traffic sites - Dublin,5,Week 05,Number,45819.0
THA22C01,Average weekly volume of heavy goods vehicles,2022,2022,10,Selected traffic sites - Dublin,6,Week 06,Number,46563.0
THA22C01,Average weekly volume of heavy goods vehicles,2022,2022,10,Selected traffic sites - Dublin,7,Week 07,Number,44740.0
THA22C01,Average weekly volume of heavy goods vehicles,2022,2022,10,Selected traffic sites - Dublin,8,Week 08,Number,45218.0
THA22C01,Average weekly volume of heavy goods vehicles,2022,2022,10,Selected traffic sites - Dublin,9,Week 09,Number,45455.0
THA22C01,Average weekly volume of heavy goods vehicles,2022,2022,10,Selected traffic sites - Dublin,10,Week 10,Number,45538.0
THA22C01,Average weekly volume of heavy goods vehicles,2022,2022,10,Selected traffic sites - Dublin,11,Week 11,Number,35046.0
THA22C01,Average weekly volume of heavy goods vehicles,2022,2022,10,Selected traffic sites - Dublin,12,Week 12,Number,47233.0
THA22C01,Average weekly volume of heavy goods vehicles,2022,2022,10,Selected traffic sites - Dublin,13,Week 13,Number,47237.0
THA22C01,Average weekly volume of heavy goods vehicles,2022,2022,10,Selected traffic sites - Dublin,14,Week 14,Number,47330.0
THA22C01,Average weekly volume of heavy goods vehicles,2022,2022,10,Selected traffic sites - Dublin,15,Week 15,Number,43375.0
THA22C01,Average weekly volume of heavy goods vehicles,2022,2022,10,Selected traffic sites - Dublin,16,Week 16,Number,39152.0
THA22C01,Average weekly volume of heavy goods vehicles,2022,2022,10,Selected traffic sites - Dublin,17,Week 17,Number,46564.0
THA22C01,Average weekly volume of heavy goods vehicles,2022,2022,10,Selected traffic sites - Dublin,18,Week 18,Number,41037.0
THA22C01,Average weekly volume of heavy goods vehicles,2022,2022,10,Selected traffic sites - Dublin,19,Week 19,Number,47155.0
THA22C01,Average weekly volume of heavy goods vehicles,2022,2022,10,Selected traffic sites - Dublin,20,Week 20,Number,46836.0
THA22C01,Average weekly volume of heavy goods vehicles,2022,2022,10,Selected traffic sites - Dublin,21,Week 21,Number,45781.0
THA22C01,Average weekly volume of heavy goods vehicles,2022,2022,10,Selected traffic sites - Dublin,22,Week 22,Number,45243.0
THA22C01,Average weekly volume of heavy goods vehicles,2022,2022,10,Selected traffic sites - Dublin,23,Week 23,Number,40520.0
THA22C01,Average weekly volume of heavy goods vehicles,2022,2022,10,Selected traffic sites - Dublin,24,Week 24,Number,46559.0
THA22C01,Average weekly volume of heavy goods vehicles,2022,2022,10,Selected traffic sites - Dublin,25,Week 25,Number,46125.0
THA22C01,Average weekly volume of heavy goods vehicles,2022,2022,10,Selected traffic sites - Dublin,26,Week 26,Number,45337.0
THA22C01,Average weekly volume of heavy goods vehicles,2022,2022,10,Selected traffic sites - Dublin,27,Week 27,Number,46805.0
THA22C01,Average weekly volume of heavy goods vehicles,2022,2022,10,Selected traffic sites - Dublin,28,Week 28,Number,46436.0
THA22C01,Average weekly volume of heavy goods vehicles,2022,2022,10,Selected traffic sites - Dublin,29,Week 29,Number,45768.0
THA22C01,Average weekly volume of heavy goods vehicles,2022,2022,10,Selected traffic sites - Dublin,30,Week 30,Number,43846.0
THA22C01,Average weekly volume of heavy goods vehicles,2022,2022,10,Selected traffic sites - Dublin,31,Week 31,Number,39687.0
THA22C01,Average weekly volume of heavy goods vehicles,2022,2022,10,Selected traffic sites - Dublin,32,Week 32,Number,44689.0
THA22C01,Average weekly volume of heavy goods vehicles,2022,2022,10,Selected traffic sites - Dublin,33,Week 33,Number,44771.0
THA22C01,Average weekly volume of heavy goods vehicles,2022,2022,10,Selected traffic sites - Dublin,34,Week 34,Number,45440.0
THA22C01,Average weekly volume of heavy goods vehicles,2022,2022,10,Selected traffic sites - Dublin,35,Week 35,Number,44997.0
THA22C01,Average weekly volume of heavy goods vehicles,2022,2022,10,Selected traffic sites - Dublin,36,Week 36,Number,45045.0
THA22C01,Average weekly volume of heavy goods vehicles,2022,2022,10,Selected traffic sites - Dublin,37,Week 37,Number,45387.0
THA22C01,Average weekly volume of heavy goods vehicles,2022,2022,10,Selected traffic sites - Dublin,38,Week 38,Number,45085.0
THA22C01,Average weekly volume of heavy goods vehicles,2022,2022,10,Selected traffic sites - Dublin,39,Week 39,Number,45441.0
THA22C01,Average weekly volume of heavy goods vehicles,2022,2022,10,Selected traffic sites - Dublin,40,Week 40,Number,45968.0
THA22C01,Average weekly volume of heavy goods vehicles,2022,2022,10,Selected traffic sites - Dublin,41,Week 41,Number,46348.0
THA22C01,Average weekly volume of heavy goods vehicles,2022,2022,10,Selected traffic sites - Dublin,42,Week 42,Number,45130.0
THA22C01,Average weekly volume of heavy goods vehicles,2022,2022,10,Selected traffic sites - Dublin,43,Week 43,Number,45344.0
THA22C01,Average weekly volume of heavy goods vehicles,2022,2022,10,Selected traffic sites - Dublin,44,Week 44,Number,39983.0
THA22C01,Average weekly volume of heavy goods vehicles,2022,2022,10,Selected traffic sites - Dublin,45,Week 45,Number,45829.0
THA22C01,Average weekly volume of heavy goods vehicles,2022,2022,10,Selected traffic sites - Dublin,46,Week 46,Number,46281.0
THA22C01,Average weekly volume of heavy goods vehicles,2022,2022,10,Selected traffic sites - Dublin,47,Week 47,Number,45500.0
THA22C01,Average weekly volume of heavy goods vehicles,2022,2022,10,Selected traffic sites - Dublin,48,Week 48,Number,46259.0
THA22C01,Average weekly volume of heavy goods vehicles,2022,2022,10,Selected traffic sites - Dublin,49,Week 49,Number,45913.0
THA22C01,Average weekly volume of heavy goods vehicles,2022,2022,10,Selected traffic sites - Dublin,50,Week 50,Number,45387.0
THA22C01,Average weekly volume of heavy goods vehicles,2022,2022,10,Selected traffic sites - Dublin,51,Week 51,Number,37338.0
THA22C01,Average weekly volume of heavy goods vehicles,2022,2022,10,Selected traffic sites - Dublin,52,Week 52,Number,15675.0
THA22C01,Average weekly volume of heavy goods vehicles,2022,2022,20,Selected traffic sites - Regional,1,Week 01,Number,11768.0
THA22C01,Average weekly volume of heavy goods vehicles,2022,2022,20,Selected traffic sites - Regional,2,Week 02,Number,15405.0
THA22C01,Average weekly volume of heavy goods vehicles,2022,2022,20,Selected traffic sites - Regional,3,Week 03,Number,15987.0
THA22C01,Average weekly volume of heavy goods vehicles,2022,2022,20,Selected traffic sites - Regional,4,Week 04,Number,16127.0
THA22C01,Average weekly volume of heavy goods vehicles,2022,2022,20,Selected traffic sites - Regional,5,Week 05,Number,16168.0
THA22C01,Average weekly volume of heavy goods vehicles,2022,2022,20,Selected traffic sites - Regional,6,Week 06,Number,16011.0
THA22C01,Average weekly volume of heavy goods vehicles,2022,2022,20,Selected traffic sites - Regional,7,Week 07,Number,15320.0
THA22C01,Average weekly volume of heavy goods vehicles,2022,2022,20,Selected traffic sites - Regional,8,Week 08,Number,15826.0
THA22C01,Average weekly volume of heavy goods vehicles,2022,2022,20,Selected traffic sites - Regional,9,Week 09,Number,16615.0
THA22C01,Average weekly volume of heavy goods vehicles,2022,2022,20,Selected traffic sites - Regional,10,Week 10,Number,16509.0
THA22C01,Average weekly volume of heavy goods vehicles,2022,2022,20,Selected traffic sites - Regional,11,Week 11,Number,12669.0
THA22C01,Average weekly volume of heavy goods vehicles,2022,2022,20,Selected traffic sites - Regional,12,Week 12,Number,17033.0
THA22C01,Average weekly volume of heavy goods vehicles,2022,2022,20,Selected traffic sites - Regional,13,Week 13,Number,16651.0
THA22C01,Average weekly volume of heavy goods vehicles,2022,2022,20,Selected traffic sites - Regional,14,Week 14,Number,16774.0
THA22C01,Average weekly volume of heavy goods vehicles,2022,2022,20,Selected traffic sites - Regional,15,Week 15,Number,15925.0
THA22C01,Average weekly volume of heavy goods vehicles,2022,2022,20,Selected traffic sites - Regional,16,Week 16,Number,14247.0
THA22C01,Average weekly volume of heavy goods vehicles,2022,2022,20,Selected traffic sites - Regional,17,Week 17,Number,16875.0
THA22C01,Average weekly volume of heavy goods vehicles,2022,2022,20,Selected traffic sites - Regional,18,Week 18,Number,15022.0
THA22C01,Average weekly volume of heavy goods vehicles,2022,2022,20,Selected traffic sites - Regional,19,Week 19,Number,16821.0
THA22C01,Average weekly volume of heavy goods vehicles,2022,2022,20,Selected traffic sites - Regional,20,Week 20,Number,16746.0
THA22C01,Average weekly volume of heavy goods vehicles,2022,2022,20,Selected traffic sites - Regional,21,Week 21,Number,16588.0
THA22C01,Average weekly volume of heavy goods vehicles,2022,2022,20,Selected traffic sites - Regional,22,Week 22,Number,16658.0
THA22C01,Average weekly volume of heavy goods vehicles,2022,2022,20,Selected traffic sites - Regional,23,Week 23,Number,14636.0
THA22C01,Average weekly volume of heavy goods vehicles,2022,2022,20,Selected traffic sites - Regional,24,Week 24,Number,16612.0
THA22C01,Average weekly volume of heavy goods vehicles,2022,2022,20,Selected traffic sites - Regional,25,Week 25,Number,16320.0
THA22C01,Average weekly volume of heavy goods vehicles,2022,2022,20,Selected traffic sites - Regional,26,Week 26,Number,16125.0
THA22C01,Average weekly volume of heavy goods vehicles,2022,2022,20,Selected traffic sites - Regional,27,Week 27,Number,16230.0
THA22C01,Average weekly volume of heavy goods vehicles,2022,2022,20,Selected traffic sites - Regional,28,Week 28,Number,16210.0
THA22C01,Average weekly volume of heavy goods vehicles,2022,2022,20,Selected traffic sites - Regional,29,Week 29,Number,16102.0
THA22C01,Average weekly volume of heavy goods vehicles,2022,2022,20,Selected traffic sites - Regional,30,Week 30,Number,15812.0
THA22C01,Average weekly volume of heavy goods vehicles,2022,2022,20,Selected traffic sites - Regional,31,Week 31,Number,14066.0
THA22C01,Average weekly volume of heavy goods vehicles,2022,2022,20,Selected traffic sites - Regional,32,Week 32,Number,16292.0
THA22C01,Average weekly volume of heavy goods vehicles,2022,2022,20,Selected traffic sites - Regional,33,Week 33,Number,16004.0
THA22C01,Average weekly volume of heavy goods vehicles,2022,2022,20,Selected traffic sites - Regional,34,Week 34,Number,16340.0
THA22C01,Average weekly volume of heavy goods vehicles,2022,2022,20,Selected traffic sites - Regional,35,Week 35,Number,16122.0
THA22C01,Average weekly volume of heavy goods vehicles,2022,2022,20,Selected traffic sites - Regional,36,Week 36,Number,16252.0
THA22C01,Average weekly volume of heavy goods vehicles,2022,2022,20,Selected traffic sites - Regional,37,Week 37,Number,16230.0
THA22C01,Average weekly volume of heavy goods vehicles,2022,2022,20,Selected traffic sites - Regional,38,Week 38,Number,16286.0
THA22C01,Average weekly volume of heavy goods vehicles,2022,2022,20,Selected traffic sites - Regional,39,Week 39,Number,16278.0
THA22C01,Average weekly volume of heavy goods vehicles,2022,2022,20,Selected traffic sites - Regional,40,Week 40,Number,16528.0
THA22C01,Average weekly volume of heavy goods vehicles,2022,2022,20,Selected traffic sites - Regional,41,Week 41,Number,16420.0
THA22C01,Average weekly volume of heavy goods vehicles,2022,2022,20,Selected traffic sites - Regional,42,Week 42,Number,16122.0
THA22C01,Average weekly volume of heavy goods vehicles,2022,2022,20,Selected traffic sites - Regional,43,Week 43,Number,16284.0
THA22C01,Average weekly volume of heavy goods vehicles,2022,2022,20,Selected traffic sites - Regional,44,Week 44,Number,14139.0
THA22C01,Average weekly volume of heavy goods vehicles,2022,2022,20,Selected traffic sites - Regional,45,Week 45,Number,16136.0
THA22C01,Average weekly volume of heavy goods vehicles,2022,2022,20,Selected traffic sites - Regional,46,Week 46,Number,16216.0
THA22C01,Average weekly volume of heavy goods vehicles,2022,2022,20,Selected traffic sites - Regional,47,Week 47,Number,16229.0
THA22C01,Average weekly volume of heavy goods vehicles,2022,2022,20,Selected traffic sites - Regional,48,Week 48,Number,16569.0
THA22C01,Average weekly volume of heavy goods vehicles,2022,2022,20,Selected traffic sites - Regional,49,Week 49,Number,16819.0
THA22C01,Average weekly volume of heavy goods vehicles,2022,2022,20,Selected traffic sites - Regional,50,Week 50,Number,16449.0
THA22C01,Average weekly volume of heavy goods vehicles,2022,2022,20,Selected traffic sites - Regional,51,Week 51,Number,13615.0
THA22C01,Average weekly volume of heavy goods vehicles,2022,2022,20,Selected traffic sites - Regional,52,Week 52,Number,5272.0
THA22C01,Average weekly volume of heavy goods vehicles,2023,2023,10,Selected traffic sites - Dublin,1,Week 01,Number,32580.0
THA22C01,Average weekly volume of heavy goods vehicles,2023,2023,10,Selected traffic sites - Dublin,2,Week 02,Number,41760.0
THA22C01,Average weekly volume of heavy goods vehicles,2023,2023,10,Selected traffic sites - Dublin,3,Week 03,Number,43066.0
THA22C01,Average weekly volume of heavy goods vehicles,2023,2023,10,Selected traffic sites - Dublin,4,Week 04,Number,43643.0
THA22C01,Average weekly volume of heavy goods vehicles,2023,2023,10,Selected traffic sites - Dublin,5,Week 05,Number,44680.0
THA22C01,Average weekly volume of heavy goods vehicles,2023,2023,10,Selected traffic sites - Dublin,6,Week 06,Number,40400.0
THA22C01,Average weekly volume of heavy goods vehicles,2023,2023,10,Selected traffic sites - Dublin,7,Week 07,Number,44726.0
THA22C01,Average weekly volume of heavy goods vehicles,2023,2023,10,Selected traffic sites - Dublin,8,Week 08,Number,45420.0
THA22C01,Average weekly volume of heavy goods vehicles,2023,2023,10,Selected traffic sites - Dublin,9,Week 09,Number,45397.0
THA22C01,Average weekly volume of heavy goods vehicles,2023,2023,10,Selected traffic sites - Dublin,10,Week 10,Number,45677.0
THA22C01,Average weekly volume of heavy goods vehicles,2023,2023,10,Selected traffic sites - Dublin,11,Week 11,Number,39677.0
THA22C01,Average weekly volume of heavy goods vehicles,2023,2023,10,Selected traffic sites - Dublin,12,Week 12,Number,45010.0
THA22C01,Average weekly volume of heavy goods vehicles,2023,2023,10,Selected traffic sites - Dublin,13,Week 13,Number,45228.0
THA22C01,Average weekly volume of heavy goods vehicles,2023,2023,10,Selected traffic sites - Dublin,14,Week 14,Number,43786.0
THA22C01,Average weekly volume of heavy goods vehicles,2023,2023,10,Selected traffic sites - Dublin,15,Week 15,Number,39018.0
THA22C01,Average weekly volume of heavy goods vehicles,2023,2023,10,Selected traffic sites - Dublin,16,Week 16,Number,45385.0
THA22C01,Average weekly volume of heavy goods vehicles,2023,2023,10,Selected traffic sites - Dublin,17,Week 17,Number,45684.0
THA22C01,Average weekly volume of heavy goods vehicles,2023,2023,10,Selected traffic sites - Dublin,18,Week 18,Number,41291.0
THA22C01,Average weekly volume of heavy goods vehicles,2023,2023,10,Selected traffic sites - Dublin,19,Week 19,Number,46021.0
THA22C01,Average weekly volume of heavy goods vehicles,2023,2023,10,Selected traffic sites - Dublin,20,Week 20,Number,46246.0
THA22C01,Average weekly volume of heavy goods vehicles,2023,2023,10,Selected traffic sites - Dublin,21,Week 21,Number,46779.0
THA22C01,Average weekly volume of heavy goods vehicles,2023,2023,10,Selected traffic sites - Dublin,22,Week 22,Number,46249.0
THA22C01,Average weekly volume of heavy goods vehicles,2023,2023,10,Selected traffic sites - Dublin,23,Week 23,Number,42231.0
THA22C01,Average weekly volume of heavy goods vehicles,2023,2023,10,Selected traffic sites - Dublin,24,Week 24,Number,46286.0
THA22C01,Average weekly volume of heavy goods vehicles,2023,2023,10,Selected traffic sites - Dublin,25,Week 25,Number,46420.0
THA22C01,Average weekly volume of heavy goods vehicles,2023,2023,10,Selected traffic sites - Dublin,26,Week 26,Number,46141.0
THA22C01,Average weekly volume of heavy goods vehicles,2023,2023,10,Selected traffic sites - Dublin,27,Week 27,Number,46185.0
THA22C01,Average weekly volume of heavy goods vehicles,2023,2023,10,Selected traffic sites - Dublin,28,Week 28,Number,44389.0
THA22C01,Average weekly volume of heavy goods vehicles,2023,2023,10,Selected traffic sites - Dublin,29,Week 29,Number,44762.0
THA22C01,Average weekly volume of heavy goods vehicles,2023,2023,10,Selected traffic sites - Dublin,30,Week 30,Number,43547.0
THA22C01,Average weekly volume of heavy goods vehicles,2023,2023,10,Selected traffic sites - Dublin,31,Week 31,Number,43192.0
THA22C01,Average weekly volume of heavy goods vehicles,2023,2023,10,Selected traffic sites - Dublin,32,Week 32,Number,39932.0
THA22C01,Average weekly volume of heavy goods vehicles,2023,2023,10,Selected traffic sites - Dublin,33,Week 33,Number,44947.0
THA22C01,Average weekly volume of heavy goods vehicles,2023,2023,10,Selected traffic sites - Dublin,34,Week 34,Number,44832.0
THA22C01,Average weekly volume of heavy goods vehicles,2023,2023,10,Selected traffic sites - Dublin,35,Week 35,Number,45229.0
THA22C01,Average weekly volume of heavy goods vehicles,2023,2023,10,Selected traffic sites - Dublin,36,Week 36,Number,45763.0
THA22C01,Average weekly volume of heavy goods vehicles,2023,2023,10,Selected traffic sites - Dublin,37,Week 37,Number,45580.0
THA22C01,Average weekly volume of heavy goods vehicles,2023,2023,10,Selected traffic sites - Dublin,38,Week 38,Number,45667.0
THA22C01,Average weekly volume of heavy goods vehicles,2023,2023,10,Selected traffic sites - Dublin,39,Week 39,Number,45029.0
THA22C01,Average weekly volume of heavy goods vehicles,2023,2023,20,Selected traffic sites - Regional,1,Week 01,Number,11472.0
THA22C01,Average weekly volume of heavy goods vehicles,2023,2023,20,Selected traffic sites - Regional,2,Week 02,Number,15002.0
THA22C01,Average weekly volume of heavy goods vehicles,2023,2023,20,Selected traffic sites - Regional,3,Week 03,Number,15607.0
THA22C01,Average weekly volume of heavy goods vehicles,2023,2023,20,Selected traffic sites - Regional,4,Week 04,Number,15958.0
THA22C01,Average weekly volume of heavy goods vehicles,2023,2023,20,Selected traffic sites - Regional,5,Week 05,Number,15069.0
THA22C01,Average weekly volume of heavy goods vehicles,2023,2023,20,Selected traffic sites - Regional,6,Week 06,Number,14210.0
THA22C01,Average weekly volume of heavy goods vehicles,2023,2023,20,Selected traffic sites - Regional,7,Week 07,Number,15534.0
THA22C01,Average weekly volume of heavy goods vehicles,2023,2023,20,Selected traffic sites - Regional,8,Week 08,Number,15262.0
THA22C01,Average weekly volume of heavy goods vehicles,2023,2023,20,Selected traffic sites - Regional,9,Week 09,Number,16464.0
THA22C01,Average weekly volume of heavy goods vehicles,2023,2023,20,Selected traffic sites - Regional,10,Week 10,Number,16454.0
THA22C01,Average weekly volume of heavy goods vehicles,2023,2023,20,Selected traffic sites - Regional,11,Week 11,Number,14571.0
THA22C01,Average weekly volume of heavy goods vehicles,2023,2023,20,Selected traffic sites - Regional,12,Week 12,Number,16722.0
THA22C01,Average weekly volume of heavy goods vehicles,2023,2023,20,Selected traffic sites - Regional,13,Week 13,Number,16560.0
THA22C01,Average weekly volume of heavy goods vehicles,2023,2023,20,Selected traffic sites - Regional,14,Week 14,Number,14678.0
THA22C01,Average weekly volume of heavy goods vehicles,2023,2023,20,Selected traffic sites - Regional,15,Week 15,Number,14832.0
THA22C01,Average weekly volume of heavy goods vehicles,2023,2023,20,Selected traffic sites - Regional,16,Week 16,Number,16364.0
THA22C01,Average weekly volume of heavy goods vehicles,2023,2023,20,Selected traffic sites - Regional,17,Week 17,Number,17023.0
THA22C01,Average weekly volume of heavy goods vehicles,2023,2023,20,Selected traffic sites - Regional,18,Week 18,Number,15050.0
THA22C01,Average weekly volume of heavy goods vehicles,2023,2023,20,Selected traffic sites - Regional,19,Week 19,Number,16929.0
THA22C01,Average weekly volume of heavy goods vehicles,2023,2023,20,Selected traffic sites - Regional,20,Week 20,Number,17160.0
THA22C01,Average weekly volume of heavy goods vehicles,2023,2023,20,Selected traffic sites - Regional,21,Week 21,Number,17070.0
THA22C01,Average weekly volume of heavy goods vehicles,2023,2023,20,Selected traffic sites - Regional,22,Week 22,Number,17415.0
THA22C01,Average weekly volume of heavy goods vehicles,2023,2023,20,Selected traffic sites - Regional,23,Week 23,Number,15260.0
THA22C01,Average weekly volume of heavy goods vehicles,2023,2023,20,Selected traffic sites - Regional,24,Week 24,Number,16558.0
THA22C01,Average weekly volume of heavy goods vehicles,2023,2023,20,Selected traffic sites - Regional,25,Week 25,Number,16866.0
THA22C01,Average weekly volume of heavy goods vehicles,2023,2023,20,Selected traffic sites - Regional,26,Week 26,Number,16830.0
THA22C01,Average weekly volume of heavy goods vehicles,2023,2023,20,Selected traffic sites - Regional,27,Week 27,Number,16336.0
THA22C01,Average weekly volume of heavy goods vehicles,2023,2023,20,Selected traffic sites - Regional,28,Week 28,Number,16202.0
THA22C01,Average weekly volume of heavy goods vehicles,2023,2023,20,Selected traffic sites - Regional,29,Week 29,Number,16589.0
THA22C01,Average weekly volume of heavy goods vehicles,2023,2023,20,Selected traffic sites - Regional,30,Week 30,Number,16600.0
THA22C01,Average weekly volume of heavy goods vehicles,2023,2023,20,Selected traffic sites - Regional,31,Week 31,Number,16317.0
THA22C01,Average weekly volume of heavy goods vehicles,2023,2023,20,Selected traffic sites - Regional,32,Week 32,Number,14825.0
THA22C01,Average weekly volume of heavy goods vehicles,2023,2023,20,Selected traffic sites - Regional,33,Week 33,Number,16836.0
THA22C01,Average weekly volume of heavy goods vehicles,2023,2023,20,Selected traffic sites - Regional,34,Week 34,Number,16984.0
THA22C01,Average weekly volume of heavy goods vehicles,2023,2023,20,Selected traffic sites - Regional,35,Week 35,Number,16648.0
THA22C01,Average weekly volume of heavy goods vehicles,2023,2023,20,Selected traffic sites - Regional,36,Week 36,Number,16709.0
THA22C01,Average weekly volume of heavy goods vehicles,2023,2023,20,Selected traffic sites - Regional,37,Week 37,Number,16481.0
THA22C01,Average weekly volume of heavy goods vehicles,2023,2023,20,Selected traffic sites - Regional,38,Week 38,Number,16396.0
THA22C01,Average weekly volume of heavy goods vehicles,2023,2023,20,Selected traffic sites - Regional,39,Week 39,Number,16402.0
